<?xml version="1.0" encoding="UTF-8" ?>
<!DOCTYPE mapper PUBLIC "-//mybatis.org//DTD Mapper 3.0//EN" "http://mybatis.org/dtd/mybatis-3-mapper.dtd" >
<mapper namespace="com.woniuxy.clinic.mapper.TPermissionMapper" >
  <resultMap id="BaseResultMap" type="com.woniuxy.clinic.entity.TPermission" >
    <id column="permission_id" property="permissionId" jdbcType="INTEGER" />
    <result column="permission_name" property="permissionName" jdbcType="VARCHAR" />
    <result column="role_id" property="roleId" jdbcType="INTEGER" />
  </resultMap>
  <sql id="Example_Where_Clause" >
    <where >
      <foreach collection="oredCriteria" item="criteria" separator="or" >
        <if test="criteria.valid" >
          <trim prefix="(" suffix=")" prefixOverrides="and" >
            <foreach collection="criteria.criteria" item="criterion" >
              <choose >
                <when test="criterion.noValue" >
                  and ${criterion.condition}
                </when>
                <when test="criterion.singleValue" >
                  and ${criterion.condition} #{criterion.value}
                </when>
                <when test="criterion.betweenValue" >
                  and ${criterion.condition} #{criterion.value} and #{criterion.secondValue}
                </when>
                <when test="criterion.listValue" >
                  and ${criterion.condition}
                  <foreach collection="criterion.value" item="listItem" open="(" close=")" separator="," >
                    #{listItem}
                  </foreach>
                </when>
              </choose>
            </foreach>
          </trim>
        </if>
      </foreach>
    </where>
  </sql>
  <sql id="Update_By_Example_Where_Clause" >
    <where >
      <foreach collection="example.oredCriteria" item="criteria" separator="or" >
        <if test="criteria.valid" >
          <trim prefix="(" suffix=")" prefixOverrides="and" >
            <foreach collection="criteria.criteria" item="criterion" >
              <choose >
                <when test="criterion.noValue" >
                  and ${criterion.condition}
                </when>
                <when test="criterion.singleValue" >
                  and ${criterion.condition} #{criterion.value}
                </when>
                <when test="criterion.betweenValue" >
                  and ${criterion.condition} #{criterion.value} and #{criterion.secondValue}
                </when>
                <when test="criterion.listValue" >
                  and ${criterion.condition}
                  <foreach collection="criterion.value" item="listItem" open="(" close=")" separator="," >
                    #{listItem}
                  </foreach>
                </when>
              </choose>
            </foreach>
          </trim>
        </if>
      </foreach>
    </where>
  </sql>
  <sql id="Base_Column_List" >
    permission_id, permission_name, role_id
  </sql>
  <select id="selectByExample" resultMap="BaseResultMap" parameterType="com.woniuxy.clinic.entity.TPermissionExample" >
    select
    <if test="distinct" >
      distinct
    </if>
    <include refid="Base_Column_List" />
    from t_permission
    <if test="_parameter != null" >
      <include refid="Example_Where_Clause" />
    </if>
    <if test="orderByClause != null" >
      order by ${orderByClause}
    </if>
  </select>
  <select id="selectByPrimaryKey" resultMap="BaseResultMap" parameterType="java.lang.Integer" >
    select 
    <include refid="Base_Column_List" />
    from t_permission
    where permission_id = #{permissionId,jdbcType=INTEGER}
  </select>
  <delete id="deleteByPrimaryKey" parameterType="java.lang.Integer" >
    delete from t_permission
    where permission_id = #{permissionId,jdbcType=INTEGER}
  </delete>
  <delete id="deleteByExample" parameterType="com.woniuxy.clinic.entity.TPermissionExample" >
    delete from t_permission
    <if test="_parameter != null" >
      <include refid="Example_Where_Clause" />
    </if>
  </delete>
  <insert id="insert" parameterType="com.woniuxy.clinic.entity.TPermission" >
    insert into t_permission (permission_id, permission_name, role_id
      )
    values (#{permissionId,jdbcType=INTEGER}, #{permissionName,jdbcType=VARCHAR}, #{roleId,jdbcType=INTEGER}
      )
  </insert>
  <insert id="insertSelective" parameterType="com.woniuxy.clinic.entity.TPermission" >
    insert into t_permission
    <trim prefix="(" suffix=")" suffixOverrides="," >
      <if test="permissionId != null" >
        permission_id,
      </if>
      <if test="permissionName != null" >
        permission_name,
      </if>
      <if test="roleId != null" >
        role_id,
      </if>
    </trim>
    <trim prefix="values (" suffix=")" suffixOverrides="," >
      <if test="permissionId != null" >
        #{permissionId,jdbcType=INTEGER},
      </if>
      <if test="permissionName != null" >
        #{permissionName,jdbcType=VARCHAR},
      </if>
      <if test="roleId != null" >
        #{roleId,jdbcType=INTEGER},
      </if>
    </trim>
  </insert>
  <select id="countByExample" parameterType="com.woniuxy.clinic.entity.TPermissionExample" resultType="java.lang.Integer" >
    select count(*) from t_permission
    <if test="_parameter != null" >
      <include refid="Example_Where_Clause" />
    </if>
  </select>
  <update id="updateByExampleSelective" parameterType="map" >
    update t_permission
    <set >
      <if test="record.permissionId != null" >
        permission_id = #{record.permissionId,jdbcType=INTEGER},
      </if>
      <if test="record.permissionName != null" >
        permission_name = #{record.permissionName,jdbcType=VARCHAR},
      </if>
      <if test="record.roleId != null" >
        role_id = #{record.roleId,jdbcType=INTEGER},
      </if>
    </set>
    <if test="_parameter != null" >
      <include refid="Update_By_Example_Where_Clause" />
    </if>
  </update>
  <update id="updateByExample" parameterType="map" >
    update t_permission
    set permission_id = #{record.permissionId,jdbcType=INTEGER},
      permission_name = #{record.permissionName,jdbcType=VARCHAR},
      role_id = #{record.roleId,jdbcType=INTEGER}
    <if test="_parameter != null" >
      <include refid="Update_By_Example_Where_Clause" />
    </if>
  </update>
  <update id="updateByPrimaryKeySelective" parameterType="com.woniuxy.clinic.entity.TPermission" >
    update t_permission
    <set >
      <if test="permissionName != null" >
        permission_name = #{permissionName,jdbcType=VARCHAR},
      </if>
      <if test="roleId != null" >
        role_id = #{roleId,jdbcType=INTEGER},
      </if>
    </set>
    where permission_id = #{permissionId,jdbcType=INTEGER}
  </update>
  <update id="updateByPrimaryKey" parameterType="com.woniuxy.clinic.entity.TPermission" >
    update t_permission
    set permission_name = #{permissionName,jdbcType=VARCHAR},
      role_id = #{roleId,jdbcType=INTEGER}
    where permission_id = #{permissionId,jdbcType=INTEGER}
  </update>
</mapper>