<?xml version="1.0" encoding="UTF-8" ?>
<!DOCTYPE mapper PUBLIC "-//mybatis.org//DTD Mapper 3.0//EN" "http://mybatis.org/dtd/mybatis-3-mapper.dtd" >
<mapper namespace="com.woniuxy.clinic.mapper.TUserMapper" >
  <resultMap id="BaseResultMap" type="com.woniuxy.clinic.entity.TUser" >
    <id column="user_id" property="userId" jdbcType="INTEGER" />
    <result column="user_account" property="userAccount" jdbcType="VARCHAR" />
    <result column="user_password" property="userPassword" jdbcType="VARCHAR" />
    <result column="user_role_id" property="userRoleId" jdbcType="INTEGER" />
    <result column="user_staff_id" property="userStaffId" jdbcType="INTEGER" />
    <result column="flag" property="flag" jdbcType="INTEGER" />
  </resultMap>
  <sql id="Example_Where_Clause" >
    <where >
      <foreach collection="oredCriteria" item="criteria" separator="or" >
        <if test="criteria.valid" >
          <trim prefix="(" suffix=")" prefixOverrides="and" >
            <foreach collection="criteria.criteria" item="criterion" >
              <choose >
                <when test="criterion.noValue" >
                  and ${criterion.condition}
                </when>
                <when test="criterion.singleValue" >
                  and ${criterion.condition} #{criterion.value}
                </when>
                <when test="criterion.betweenValue" >
                  and ${criterion.condition} #{criterion.value} and #{criterion.secondValue}
                </when>
                <when test="criterion.listValue" >
                  and ${criterion.condition}
                  <foreach collection="criterion.value" item="listItem" open="(" close=")" separator="," >
                    #{listItem}
                  </foreach>
                </when>
              </choose>
            </foreach>
          </trim>
        </if>
      </foreach>
    </where>
  </sql>
  <sql id="Update_By_Example_Where_Clause" >
    <where >
      <foreach collection="example.oredCriteria" item="criteria" separator="or" >
        <if test="criteria.valid" >
          <trim prefix="(" suffix=")" prefixOverrides="and" >
            <foreach collection="criteria.criteria" item="criterion" >
              <choose >
                <when test="criterion.noValue" >
                  and ${criterion.condition}
                </when>
                <when test="criterion.singleValue" >
                  and ${criterion.condition} #{criterion.value}
                </when>
                <when test="criterion.betweenValue" >
                  and ${criterion.condition} #{criterion.value} and #{criterion.secondValue}
                </when>
                <when test="criterion.listValue" >
                  and ${criterion.condition}
                  <foreach collection="criterion.value" item="listItem" open="(" close=")" separator="," >
                    #{listItem}
                  </foreach>
                </when>
              </choose>
            </foreach>
          </trim>
        </if>
      </foreach>
    </where>
  </sql>
  <sql id="Base_Column_List" >
    user_id, user_account, user_password, user_role_id, user_staff_id, flag
  </sql>
  <select id="selectByExample" resultMap="BaseResultMap" parameterType="com.woniuxy.clinic.entity.TUserExample" >
    select
    <if test="distinct" >
      distinct
    </if>
    <include refid="Base_Column_List" />
    from t_user
    <if test="_parameter != null" >
      <include refid="Example_Where_Clause" />
    </if>
    <if test="orderByClause != null" >
      order by ${orderByClause}
    </if>
  </select>
  <select id="selectByPrimaryKey" resultMap="BaseResultMap" parameterType="java.lang.Integer" >
    select 
    <include refid="Base_Column_List" />
    from t_user
    where user_id = #{userId,jdbcType=INTEGER}
  </select>
  <select id="selectByuser_account" resultMap="BaseResultMap" parameterType="java.lang.String" >
    select 
    <include refid="Base_Column_List" />
    from t_user
    where user_account = #{user_account,jdbcType=VARCHAR}
  </select>
  <delete id="deleteByPrimaryKey" parameterType="java.lang.Integer" >
    delete from t_user
    where user_id = #{userId,jdbcType=INTEGER}
  </delete>
  <delete id="deleteByExample" parameterType="com.woniuxy.clinic.entity.TUserExample" >
    delete from t_user
    <if test="_parameter != null" >
      <include refid="Example_Where_Clause" />
    </if>
  </delete>
  <insert id="insert" parameterType="com.woniuxy.clinic.entity.TUser" >
    insert into t_user (user_id, user_account, user_password, 
      user_role_id, user_staff_id, flag
      )
    values (#{userId,jdbcType=INTEGER}, #{userAccount,jdbcType=VARCHAR}, #{userPassword,jdbcType=VARCHAR}, 
      #{userRoleId,jdbcType=INTEGER}, #{userStaffId,jdbcType=INTEGER}, #{flag,jdbcType=INTEGER}
      )
  </insert>
  <insert id="insertSelective" parameterType="com.woniuxy.clinic.entity.TUser" >
    insert into t_user
    <trim prefix="(" suffix=")" suffixOverrides="," >
      <if test="userId != null" >
        user_id,
      </if>
      <if test="userAccount != null" >
        user_account,
      </if>
      <if test="userPassword != null" >
        user_password,
      </if>
      <if test="userRoleId != null" >
        user_role_id,
      </if>
      <if test="userStaffId != null" >
        user_staff_id,
      </if>
      <if test="flag != null" >
        flag,
      </if>
    </trim>
    <trim prefix="values (" suffix=")" suffixOverrides="," >
      <if test="userId != null" >
        #{userId,jdbcType=INTEGER},
      </if>
      <if test="userAccount != null" >
        #{userAccount,jdbcType=VARCHAR},
      </if>
      <if test="userPassword != null" >
        #{userPassword,jdbcType=VARCHAR},
      </if>
      <if test="userRoleId != null" >
        #{userRoleId,jdbcType=INTEGER},
      </if>
      <if test="userStaffId != null" >
        #{userStaffId,jdbcType=INTEGER},
      </if>
      <if test="flag != null" >
        #{flag,jdbcType=INTEGER},
      </if>
    </trim>
  </insert>
  <select id="countByExample" parameterType="com.woniuxy.clinic.entity.TUserExample" resultType="java.lang.Integer" >
    select count(*) from t_user
    <if test="_parameter != null" >
      <include refid="Example_Where_Clause" />
    </if>
  </select>
  <update id="updateByExampleSelective" parameterType="map" >
    update t_user
    <set >
      <if test="record.userId != null" >
        user_id = #{record.userId,jdbcType=INTEGER},
      </if>
      <if test="record.userAccount != null" >
        user_account = #{record.userAccount,jdbcType=VARCHAR},
      </if>
      <if test="record.userPassword != null" >
        user_password = #{record.userPassword,jdbcType=VARCHAR},
      </if>
      <if test="record.userRoleId != null" >
        user_role_id = #{record.userRoleId,jdbcType=INTEGER},
      </if>
      <if test="record.userStaffId != null" >
        user_staff_id = #{record.userStaffId,jdbcType=INTEGER},
      </if>
      <if test="record.flag != null" >
        flag = #{record.flag,jdbcType=INTEGER},
      </if>
    </set>
    <if test="_parameter != null" >
      <include refid="Update_By_Example_Where_Clause" />
    </if>
  </update>
  <update id="updateByExample" parameterType="map" >
    update t_user
    set user_id = #{record.userId,jdbcType=INTEGER},
      user_account = #{record.userAccount,jdbcType=VARCHAR},
      user_password = #{record.userPassword,jdbcType=VARCHAR},
      user_role_id = #{record.userRoleId,jdbcType=INTEGER},
      user_staff_id = #{record.userStaffId,jdbcType=INTEGER},
      flag = #{record.flag,jdbcType=INTEGER}
    <if test="_parameter != null" >
      <include refid="Update_By_Example_Where_Clause" />
    </if>
  </update>
  <update id="updateByPrimaryKeySelective" parameterType="com.woniuxy.clinic.entity.TUser" >
    update t_user
    <set >
      <if test="userAccount != null" >
        user_account = #{userAccount,jdbcType=VARCHAR},
      </if>
      <if test="userPassword != null" >
        user_password = #{userPassword,jdbcType=VARCHAR},
      </if>
      <if test="userRoleId != null" >
        user_role_id = #{userRoleId,jdbcType=INTEGER},
      </if>
      <if test="userStaffId != null" >
        user_staff_id = #{userStaffId,jdbcType=INTEGER},
      </if>
      <if test="flag != null" >
        flag = #{flag,jdbcType=INTEGER},
      </if>
    </set>
    where user_id = #{userId,jdbcType=INTEGER}
  </update>
  <update id="updateByPrimaryKey" parameterType="com.woniuxy.clinic.entity.TUser" >
    update t_user
    set user_account = #{userAccount,jdbcType=VARCHAR},
      user_password = #{userPassword,jdbcType=VARCHAR},
      user_role_id = #{userRoleId,jdbcType=INTEGER},
      user_staff_id = #{userStaffId,jdbcType=INTEGER},
      flag = #{flag,jdbcType=INTEGER}
    where user_id = #{userId,jdbcType=INTEGER}
  </update>
</mapper>